param_count,best_val,test_at_best
880578,0.575695348739624,0.6310964622497559
889796,0.5756554565429688,0.6441472301483154
